Score,a_act,d_act,K_n,n,a_x,d_x,m,K_S,K_a,k1,k2,k4,k3,XbsT,sT
23.413492309398894,2.254565968329826,0.0295910349754474,1.000654702183407,9.951357922455392,2.215545111231921,0.028325321414267496,3.9482161305289805,2.62133331907658,21.828184171331422,0.023525376844485198,9.893576223189068,38.86507227454243,0.37308595805938255,100.1072690141723,51.03305479216941
29.25456425993132,2.1248262325029077,0.36822290182817485,1.2569418389128206,9.702389562753941,8.961311423196234,0.016075926041226297,1.5118336750389492,1.0016547072542525,16.76833910361242,0.005894619758728149,9.793096304955842,15.314893454080487,0.5543915004644967,100.00561117317123,53.40368586664703
42.438539724049505,0.8983191894729836,0.0027291558363201273,1.0273882056578547,2.3243078011678993,3.340309619707779,0.01967296462521,2.867634163720091,7.127475791106583,67.60160809397203,0.0015326342937397259,1.0454291971129535,0.22547509979784558,0.20144841117483042,100.1762314868658,65.20993664779635
43.48297924522124,39.06792617774659,0.6334405578478052,1.3789270250782875,3.30812889563467,3.8633791230864665,0.014101460999210485,3.590051352830457,9.044499015817903,2.157487538132924,0.04155022809671563,8.403137320746973,31.781814059255083,8.644769951024346,100.00473699419186,52.3972056390446
